Location,Giftigheid vrijgekomen stoffen
A1,0.08036126804129752
A10,0.12778365331864205
A11,0.09516522654667356
A12,0.1121955139430943
A13,0.09618019842248911
A14,0.06149734074586391
A15,0.07202996237758234
A16,0.10843042012771657
A17,0.10232633667387012
A18,0.10884311072626439
A19,0.1386474163569873
A2,0.08655637051654247
A20,0.06569504074052183
A21,0.07447007693560705
A22,0.09408087466707776
A23,0.08825714513957379
A24,0.10132394147970075
A25,0.06379743225654576
A26,0.05930763275725372
A27,0.07786543949783813
A28,0.06285711384812744
A29,0.08339644821804228
A3,0.017177823357162145
A30,0.09948876268202911
A31,0.14730977116979352
A32,0.07087318611958837
A33,0.10418100633060833
A34,0.08208115805300159
A35,0.0770231208301534
A36,0.05247163801870695
A37,0.12899847515674295
A38,0.06555372514548329
A39,0.04626086504916614
A4,0.058872721390855226
A40,0.116385910200524
A41,0.06340901854697917
A42,0.08555904096493419
A43,0.054982759354503995
A44,0.08955618982303704
A45,0.07282541090681466
A46,0.04524856888311878
A47,0.07716515375412183
A48,0.0538275123393352
A49,0.05981999197933509
A5,0.06135426006757648
A50,0.08261913599005168
A6,0.08260632344296341
A7,0.0862992288059541
A8,0.049114065603774154
A9,0.03223800799096
B1,0.0671151253116956
B10,0.07497903353311663
B11,0.1300147591242766
B12,0.056468021497491354
B13,0.06410984378480303
B14,0.08207675632228678
B15,0.04734466496948501
B16,0.07933156124161661
B17,0.03816064802993693
B18,0.07658827195512319
B19,0.05038261043588721
B2,0.07462749385939624
B20,0.050821647256677295
B21,0.11152328356715852
B22,0.10733611078725999
B23,0.019548954330607975
B24,0.05995358029933527
B25,0.06845616215525908
B26,0.10122638253619926
B27,0.06754085879379033
B28,0.08839294597750046
B29,0.08383547258589469
B3,0.043299279008601074
B30,0.1068523582003648
B31,0.10213032638714789
B32,0.09362805594030671
B33,0.10782969753881146
B34,0.05326312460540846
B35,0.06061861417934693
B36,0.07104890665479309
B37,0.08447003470304686
B38,0.05779149001196455
B39,0.08750179033719327
B4,0.08509002381991285
B40,0.09338576927234822
B41,0.13526345642514645
B42,0.11168576291679101
B43,0.05711328053662535
B44,0.08730989414487268
B45,0.12297599217405933
B46,0.03919184618746544
B47,0.05878281677389844
B48,0.043222827376550414
B49,0.09495224655365317
B5,0.09656423730096117
B50,0.08761017282923572
B6,0.08843315682314032
B7,0.10483210833112871
B8,0.14741103953301257
B9,0.05980637954602187
C1,0.05135542233763936
C10,0.10725343119295738
C11,0.06128695886724726
C12,0.08038044047073943
C13,0.10668019647003692
C14,0.11476560393254401
C15,0.044176654152489905
C16,0.04870240059725884
C17,0.08592327344994628
C18,0.05031201233922355
C19,0.12070749079571895
C2,0.0688966345185354
C20,0.14643265537685987
C21,0.11135355993122158
C22,0.10149175665402968
C23,0.09185084929701613
C24,0.09537242016761181
C25,0.07061684403805948
C26,0.0627399466158922
C27,0.07163713370533674
C28,0.0749996362437265
C29,0.06935940862777788
C3,0.07762270162267534
C30,0.10932645220518364
C31,0.014405293528793182
C32,0.0891435295381755
C33,0.07169415049651312
C34,0.08126223616205852
C35,0.06405533136196083
C36,0.05979779110473683
C37,0.06284217966113054
C38,0.07134813721408714
C39,0.09270655577757682
C4,0.09590067125982323
C40,0.06306233536446962
C41,0.0824795377274819
C42,0.13129569882991649
C43,0.058528494336390444
C44,0.05749805807666088
C45,0.03083572040613053
C46,0.10683453899638994
C47,0.08662079749761233
C48,0.10608681018802674
C49,0.06727233838296427
C5,0.042557738231383375
C50,0.06951079023783421
C6,0.081377259321431
C7,0.03692531102652754
C8,0.11435517707769721
C9,0.09580306216866659
D1,0.10758413190746056
D10,0.10176271509008972
D11,0.06987390739595696
D12,0.05587181455188576
D13,0.06557405634217774
D14,0.1399626533768249
D15,0.08797849186625524
D16,0.05678343844516423
D17,0.1003698663210903
D18,0.08271617475797509
D19,0.09277120326403837
D2,0.0670170950237432
D20,0.09030855178814472
D21,0.10996622572179307
D22,0.11875178996051675
D23,0.06139194536143719
D24,0.11520814438566088
D25,0.06141364232510402
D26,0.14030899268358515
D27,0.11034662202274838
D28,0.10135807780734195
D29,0.10063622020164477
D3,0.05732336532756847
D30,0.03628229158221557
D31,0.06887793921037409
D32,0.05478782577874105
D33,0.04069646659298694
D34,0.11526213886128128
D35,0.08356918660543775
D36,0.07049342031531672
D37,0.05496689398179649
D38,0.06414613561063384
D39,0.09155278563407411
D4,0.09968534839419221
D40,0.11419866739758808
D41,0.09013099469865048
D42,0.07271444817111478
D43,0.041874264749764856
D44,0.040993006401389226
D45,0.07458626019584101
D46,0.10606655676883071
D47,0.06491056186001662
D48,0.07702711274858184
D49,0.09009951057587227
D5,0.06745036246191345
D50,0.09009962826004525
D6,0.12411139711805942
D7,0.0577693094795423
D8,0.04924302717657029
D9,0.08192729986077275
E1,0.054796362323613096
E10,0.09976809558271256
E11,0.11615992796722896
E12,0.06544737528034891
E13,0.0712105926476283
E14,0.07171839791372668
E15,0.07923158949680514
E16,0.10859897704582336
E17,0.08466433427756764
E18,0.10114928337933593
E19,0.0708369211167287
E2,0.07085720730476285
E20,0.088193211616002
E21,0.05518977919874376
E22,0.06448916551433798
E23,0.08059682281963818
E24,0.09663977965720044
E25,0.11868363584187801
E26,0.09531554217343631
E27,0.09155334075585499
E28,0.036370459170506735
E29,0.090920882399351
E3,0.04314681733556792
E30,0.04931785519358542
E31,0.08880488939735386
E32,0.09839296043686728
E33,0.07377986606593642
E34,0.08381722798413063
E35,0.09246998938115188
E36,0.061786403562061096
E37,0.10134333823705383
E38,0.10106198033948623
E39,0.10385596786311094
E4,0.05470420416662757
E40,0.09118891030393751
E41,0.08477414071390894
E42,0.08634136922660966
E43,0.0907664156537164
E44,0.0880238665444785
E45,0.13711417948795732
E46,0.06300004463874169
E47,0.053509867530220974
E48,0.07267379639123787
E49,0.08864448375478615
E5,0.08660303718383898
E50,0.10305367074424822
E6,0.07416270814166884
E7,0.0611747184767734
E8,0.06310835813601219
E9,0.13327927868623404
F1,0.07735613142433903
F10,0.07883682340497097
F11,0.07091565993973308
F12,0.07974212750381084
F13,0.08671155067383791
F14,0.10251787769493989
F15,0.08902701550446071
F16,0.11199550730401057
F17,0.105104937688651
F18,0.10900667841922272
F19,0.06794946337970363
F2,0.05841113411983764
F20,0.026450851828926848
F21,0.08439364682080329
F22,0.08823289128578876
F23,0.11276687218908593
F24,0.07136861820767663
F25,0.08404853026471769
F26,0.04973916308429581
F27,0.0898675317376983
F28,0.07803856116921443
F29,0.05001745979477879
F3,0.08791753246017454
F30,0.04330690992201515
F31,0.08559107376419368
F32,0.13635494120638694
F33,0.168260236947738
F34,0.046385138098863625
F35,0.08109886348313446
F36,0.07430933153734248
F37,0.12280702515366128
F38,0.05821878956841127
F39,0.08551785985500425
F4,0.05618001297998158
F40,0.07323433818038469
F41,0.05568465568279891
F42,0.09598772788828219
F43,0.08969448886571994
F44,0.09435949195484307
F45,0.12220245000938648
F46,0.06582918887369313
F47,0.07517816814508266
F48,0.05134220141471652
F49,0.10428868737271646
F5,0.058747123031357394
F50,0.07106353357433538
F6,0.06270074921344128
F7,0.07661251150929518
F8,0.062336340442754774
F9,0.11621124406126222
G1,0.09015931699265148
G10,0.06708550284884775
G11,0.078115260986153
G12,0.08543444076078749
G13,0.09064212856055964
G14,0.09755102162210251
G15,0.05295564772865403
G16,0.052971709706554515
G17,0.052185485771434545
G18,0.035847251865308544
G19,0.08904935365662156
G2,0.07099860655537446
G20,0.0801860063361774
G21,0.08512149796786043
G22,0.07952374764390101
G23,0.08640770207624143
G24,0.053026777831823094
G25,0.06294276286982997
G26,0.1253727113702083
G27,0.049447022758709
G28,0.13278410811277636
G29,0.05528521977778512
G3,0.0570199787690393
G30,0.08506315549132405
G31,0.12030172230492465
G32,0.06256785414855053
G33,0.08954825374407617
G34,0.09807056152989765
G35,0.04491495450667468
G36,0.06018876445918331
G37,0.04933093005564416
G38,0.1385833776942984
G39,0.10562729935612845
G4,0.07107566502197359
G40,0.07934849837636779
G41,0.06486211144845919
G42,0.09355522808951758
G43,0.1151175023921819
G44,0.0646710854170342
G45,0.08408443427152776
G46,0.07921003941971187
G47,0.1132993571607291
G48,0.05258366809932466
G49,0.05261522113669064
G5,0.07143368047328087
G50,0.06512318841678491
G6,0.10449240050870003
G7,0.024129787838454302
G8,0.09336376927113761
G9,0.08798073554528182
H1,0.026269066543440436
H10,0.06674349143836493
H11,0.1051505736453832
H12,0.10197708325450791
H13,0.08331032541087617
H14,0.026263213374891
H15,0.04340708751184424
H16,0.08347330174720138
H17,0.07578667841115062
H18,0.10214381476176335
H19,0.0712046993372153
H2,0.08499235888819082
H20,0.0991523637706839
H21,0.06682813083497413
H22,0.06002152028024266
H23,0.1000900361039029
H24,0.08575522118282979
H25,0.09475850602926388
H26,0.07562204308234467
H27,0.09109432903225304
H28,0.11342971607159368
H29,0.05827175595587987
H3,0.05430619316805718
H30,0.05503913398936859
H31,0.0742495429857152
H32,0.07775535380959905
H33,0.11103515148849552
H34,0.09736211818742388
H35,0.024286095156505722
H36,0.08453925957164941
H37,0.060227216204552146
H38,0.07526537710818657
H39,0.07594559345623343
H4,0.061288270293703054
H40,0.09148315097986684
H41,0.07548082984475914
H42,0.11212113498088025
H43,0.10246766046540394
H44,0.13283796627186947
H45,0.04642839078306039
H46,0.08016044514618713
H47,0.06394780616634516
H48,0.04302971533807412
H49,0.0752871692578587
H5,0.06277356380979346
H50,0.10045581325809207
H6,0.07991747432403769
H7,0.05778083146030961
H8,0.09199742870353218
H9,0.08531463761707835
I1,0.04608751350119226
I10,0.08639081162761214
I11,0.05915924000303051
I12,0.07784329901208141
I13,0.0976868144552692
I14,0.09457004523413864
I15,0.052016444032117165
I16,0.10462642401550798
I17,0.12932016289109766
I18,0.14039897242785673
I19,0.08905789519871238
I2,0.0865877550366434
I20,0.13132163595580565
I21,0.06745869038755269
I22,0.10729775942848406
I23,0.0647193024414959
I24,0.06386339852667777
I25,0.08760101489992882
I26,0.10558953469906289
I27,0.0771080273900328
I28,0.049461964228444996
I29,0.07089486704447806
I3,0.08133922724159041
I30,0.052427728760636026
I31,0.049652274192082284
I32,0.09737863959394037
I33,0.07141147943187845
I34,0.04631977493859863
I35,0.09613053702274699
I36,0.09824219058875111
I37,0.07870658846216545
I38,0.1133938578836544
I39,0.05891761795419432
I4,0.01758906893701074
I40,0.09077041460788414
I41,0.058677394253585966
I42,0.13745179246453515
I43,0.0805631477123011
I44,0.09779534386792853
I45,0.08623295444965008
I46,0.06343703349745969
I47,0.11480032733737423
I48,0.09117069492655186
I49,0.0571773321842037
I5,0.0805846581224189
I50,0.05007348407860526
I6,0.07680542161529798
I7,0.05415493627695018
I8,0.10653013034277475
I9,0.09491821094239403
J1,0.11843596481261241
J10,0.08236544144115857
J11,0.08471774598324525
J12,0.05757535429822361
J13,0.08010888292260877
J14,0.07296010202364327
J15,0.08961836534866137
J16,0.03271662985941794
J17,0.07846473715702482
J18,0.08937435943021027
J19,0.03337974657495674
J2,0.06812364376819481
J20,0.06930298308780371
J21,0.11765045199337874
J22,0.09236175639256193
J23,0.08027267033467611
J24,0.09616441081707582
J25,0.09673500051953679
J26,0.08683391185048431
J27,0.08003082671720343
J28,0.025429343771877038
J29,0.11462147074433979
J3,0.08710214178867898
J30,0.06512031451250211
J31,0.08599410608293029
J32,0.07351813270037143
J33,0.11673961407927957
J34,0.06652386960871802
J35,0.0724691057667094
J36,0.08637999424108736
J37,0.024885972675625704
J38,0.07035825747277778
J39,0.038104929463292275
J4,0.048029243088356696
J40,0.07488425271984764
J41,0.08365238562088877
J42,0.0692802741528158
J43,0.07085080823342568
J44,0.051330799878153394
J45,0.1051029760821606
J46,0.04251007024778304
J47,0.08685989673139466
J48,0.08234429869106201
J49,0.04665542656196145
J5,0.059923030663029814
J50,0.0788706222063645
J6,0.09812107520641522
J7,0.044092335677001944
J8,0.09374565608049436
J9,0.05608550204941353
K1,0.07242635127792657
K10,0.057485934164816094
K11,0.06079418290527424
K12,0.04754552982130782
K13,0.09595011707081341
K14,0.056206492263884106
K15,0.08680014590099369
K16,0.05111476716631458
K17,0.05594845007087406
K18,0.08325329034408627
K19,0.05701103813907009
K2,0.10189277593341296
K20,0.10286774562407912
K21,0.0443301618056899
K22,0.07942532466620511
K23,0.06880874730372508
K24,0.07458627981301776
K25,0.0665946249929564
K26,0.06396303276928389
K27,0.12493563036996397
K28,0.0666236841953666
K29,0.091017931885333
K3,0.0480976009989706
K30,0.037949370944296054
K31,0.06307033578888416
K32,0.07777234773118875
K33,0.08751946196893672
K34,0.10754411664118103
K35,0.06448589911120345
K36,0.10610809768481494
K37,0.12309385712225675
K38,0.0881714410524742
K39,0.05943589772427291
K4,0.08195686502341251
K40,0.13742910862345165
K41,0.06334463004803112
K42,0.07785722863427932
K43,0.04129829386437922
K44,0.06268748416771577
K45,0.08862492711275774
K46,0.09297469619783555
K47,0.11137780422461681
K48,0.06338510456779574
K49,0.09844387221375334
K5,0.043711312022249045
K50,0.10978985743835236
K6,0.08412868886532743
K7,0.09149826327701795
K8,0.08327688294368074
K9,0.08662420681528694
L1,0.06785012253856183
L10,0.07361700856555217
L11,0.08136068033899228
L12,0.075631056926022
L13,0.08561194230241664
L14,0.05933926515504322
L15,0.11432407122021708
L16,0.09983985808566836
L17,0.06538814269073799
L18,0.09073472765803339
L19,0.11394585124548953
L2,0.06971330692828569
L20,0.058681257642035675
L21,0.08976226111178218
L22,0.062080026352526185
L23,0.09062017160622228
L24,0.07897339261498683
L25,0.07048378038949156
L26,0.06652089467186005
L27,0.059788578143906916
L28,0.06584379319006566
L29,0.045778044342032434
L3,0.09674767953042503
L30,0.058688546508367676
L31,0.0584852933207481
L32,0.06375603095593156
L33,0.04014101317043604
L34,0.07718456269766573
L35,0.10406509455865792
L36,0.0486118131891659
L37,0.06688319744086507
L38,0.012461260188745903
L39,0.07943889059939412
L4,0.15429028620210275
L40,0.06714292804619293
L41,0.09275876027353583
L42,0.07758284134526325
L43,0.04667283172467595
L44,0.06708664465595351
L45,0.08794854400526218
L46,0.14608820824868815
L47,0.07874413579680149
L48,0.07902690587683275
L49,0.09541164699742273
L5,0.06585039495267689
L50,0.0845418914025094
L6,0.07024570569922667
L7,0.12292120148470752
L8,0.08108161473407825
L9,0.08065175642710389
M1,0.10665818036824766
M10,0.09845847902641787
M11,0.14222642003513075
M12,0.10321004520572472
M13,0.10909072787555271
M14,0.10539135901792414
M15,0.08864764324903707
M16,0.04885103766968181
M17,0.030977473128862894
M18,0.031008742009075028
M19,0.0696537384195221
M2,0.09253948637278132
M20,0.08727187546488444
M21,0.09001296270911167
M22,0.10213676329859017
M23,0.10690747280943781
M24,0.14096890843087803
M25,0.07691552338812134
M26,0.08703903387490104
M27,0.0721797624620855
M28,0.03177548338102015
M29,0.059295219399664985
M3,0.08504036284408666
M30,0.03132296397813213
M31,0.10737436054031849
M32,0.0748340669033848
M33,0.06665399500032164
M34,0.12044021547943183
M35,0.07513050334926648
M36,0.09384907524443667
M37,0.13422206928065014
M38,0.09150999793506734
M39,0.1255739786385723
M4,0.14075285729704257
M40,0.08246359643800354
M41,0.10826458753414175
M42,0.11677524465185075
M43,0.07928223319255447
M44,0.041999557632640766
M45,0.09020933820892726
M46,0.12941947105439264
M47,0.1424633917171327
M48,0.08025688015999971
M49,0.1138705920816305
M5,0.09135993982426602
M50,0.0487044545292575
M6,0.08045575141379395
M7,0.09608923687025936
M8,0.0930979509999969
M9,0.09054845247605513
N1,0.10395094977535727
N10,0.07727807237168186
N11,0.14223239130008183
N12,0.06547003107481993
N13,0.052155649887570855
N14,0.10366753088639645
N15,0.09644769795512748
N16,0.09790337924219898
N17,0.06789790561590113
N18,0.09429951060807232
N19,0.05459626699854562
N2,0.05792750815580267
N20,0.07474063870544613
N21,0.08540052992151494
N22,0.10531393282199966
N23,0.08781803888301853
N24,0.11468131200834694
N25,0.09590287327568012
N26,0.08493412260251516
N27,0.07672358835186012
N28,0.06298460125203581
N29,0.05535831844583447
N3,0.07309499596489416
N30,0.07431690504325716
N31,0.07433325690979556
N32,0.09372355318697315
N33,0.06644313521021289
N34,0.09162580050975358
N35,0.09269684380424183
N36,0.07007874599084671
N37,0.09112530658687666
N38,0.04863736569474168
N39,0.07494280552550503
N4,0.07370404924670611
N40,0.044821248689813964
N41,0.07975176434095634
N42,0.05827960346340484
N43,0.10070107955612445
N44,0.06423865889634893
N45,0.042973956523442054
N46,0.08602652270918446
N47,0.06662376804014186
N48,0.11300029454025817
N49,0.1150192919090318
N5,0.04522488426969779
N50,0.10203026661297761
N6,0.0809951861452597
N7,0.0292726784105565
N8,0.10042778588753863
N9,0.07603457906133801
O1,0.08691007007545587
O10,0.06301896934456087
O11,0.057890746811015185
O12,0.09285847178135136
O13,0.0572271861650151
O14,0.07420663186881736
O15,0.06720538206318884
O16,0.06368916803494698
O17,0.06394109634918493
O18,0.10586560201563966
O19,0.08128148635576325
O2,0.096689696720239
O20,0.07419322288463828
O21,0.03837031475003126
O22,0.07952733193487174
O23,0.09725491247779566
O24,0.11649221816874221
O25,0.11031875156860757
O26,0.10227043369234658
O27,0.048633552187428084
O28,0.09532946434126882
O29,0.13103570247116147
O3,0.06098394489912961
O30,0.08772255556264466
O31,0.12621641062552522
O32,0.10489682108132088
O33,0.06908269167292305
O34,0.0713095898005803
O35,0.09460685690298808
O36,0.0875909394480193
O37,0.1251058218233586
O38,0.05153045114869225
O39,0.07676523882611555
O4,0.040720380897785374
O40,0.10386610041757799
O41,0.0759749849425899
O42,0.05599406754163626
O43,0.08618404951550775
O44,0.08467565228940918
O45,0.08985852649145892
O46,0.06690081010064104
O47,0.07807275013738621
O48,0.08095484465726463
O49,0.10620472032472984
O5,0.10027224832555337
O50,0.122703388716622
O6,0.06682506636455333
O7,0.09319928931910651
O8,0.06284682747404183
O9,0.08641431294131321
P1,0.054557034466230676
P10,0.10260762342068647
P11,0.05754481270399478
P12,0.09478978445396267
P13,0.027052441860853146
P14,0.08884345643830935
P15,0.08805098788621381
P16,0.0617050625800177
P17,0.035806849711009406
P18,0.14039148900119439
P19,0.06068429567153692
P2,0.08094042213652196
P20,0.07727486428276015
P21,0.06729386721136436
P22,0.08160797791100578
P23,0.1342942151884419
P24,0.08384565258801414
P25,0.08116788484133172
P26,0.11049223550580187
P27,0.06351701273390514
P28,0.04830067437324534
P29,0.07783472909923626
P3,0.09126797334250444
P30,0.07495244523036021
P31,0.058705880252962764
P32,0.06801430677235912
P33,0.10721126665200108
P34,0.027708441572129358
P35,0.0570970907028952
P36,0.05344758914158827
P37,0.0756743048331776
P38,0.11146245083135956
P39,0.04320469810536882
P4,0.08339951853281163
P40,0.08835456440548722
P41,0.07408494543704561
P42,0.05372555967573874
P43,0.07047375819167692
P44,0.07399804449548454
P45,0.10632076334730162
P46,0.0874222868598489
P47,0.10228846818909067
P48,0.07207215363194946
P49,0.1081638702674596
P5,0.09934594110340025
P50,0.07330103754020717
P6,0.07930782348367386
P7,0.07744001390683461
P8,0.07966559428840672
P9,0.04184769299405105
Q1,0.08737082938383765
Q10,0.06435747175192555
Q11,0.05115735260169596
Q12,0.06168983725223076
Q13,0.08483935846263703
Q14,0.10010137197283536
Q15,0.030482374552808826
Q16,0.01848006715998974
Q17,0.07144273223675104
Q18,0.05943122102599399
Q19,0.1204534160736044
Q2,0.08370292269323246
Q20,0.041583002459875826
Q21,0.11552888631074437
Q22,0.0864944595744597
Q23,0.05351054226909292
Q24,0.07736697522211206
Q25,0.0640352396934772
Q26,0.08405162003462265
Q27,0.1438174783617262
Q28,0.10731581691100814
Q29,0.09185752160015996
Q3,0.08835985188145959
Q30,0.06256707644534212
Q31,0.08702856030676288
Q32,0.06113977688294789
Q33,0.056072084923495955
Q34,0.03893009291155111
Q35,0.09515927657084827
Q36,0.08459066414081443
Q37,0.0706965440472091
Q38,0.05133739419843017
Q39,0.11261293088848924
Q4,0.08115070281575604
Q40,0.08379945242479586
Q41,0.14639539175625477
Q42,0.03100035382052674
Q43,0.06601295940959148
Q44,0.07352516397670311
Q45,0.0633447239351062
Q46,0.08130288937953262
Q47,0.06993380425506099
Q48,0.08371847152531743
Q49,0.06829839535260326
Q5,0.010258416886892444
Q50,0.11127920474266029
Q6,0.09665954521175427
Q7,0.07737111969759386
Q8,0.06275445615172749
Q9,0.0791762654037733
R1,0.0893307042796862
R10,0.049014315009477984
R11,0.09465810553304754
R12,0.08717749293444431
R13,0.08488537718806816
R14,0.0540291257610706
R15,0.1214930970681179
R16,0.03865086280862705
R17,0.09008952664262646
R18,0.08126010696883139
R19,0.10179062244738016
R2,0.0736219614511425
R20,0.10192430014821123
R21,0.10092158935961182
R22,0.05658911256880832
R23,0.0850655626996092
R24,0.12554016516487473
R25,0.08994967367247234
R26,0.10940115548879245
R27,0.050720427346904816
R28,0.06469437376740204
R29,0.05069089805497678
R3,0.0876339790103574
R30,0.08691907809051339
R31,0.08610102571350219
R32,0.048672233883889485
R33,0.09590944538894805
R34,0.06025772904740415
R35,0.08964923964052174
R36,0.04861751520553558
R37,0.07662069516388449
R38,0.06681708366485965
R39,0.05248801224612644
R4,0.10541619361369234
R40,0.054835255448648194
R41,0.07559499378444344
R42,0.04147005999895681
R43,0.043410866421541565
R44,0.07798564015985837
R45,0.04356551050376034
R46,0.0964736659154568
R47,0.06423717391647042
R48,0.08083087704680911
R49,0.06799677075251796
R5,0.08448035714969637
R50,0.1355495607246022
R6,0.13952454701689337
R7,0.06147964654882858
R8,0.11658873899632557
R9,0.05453800537106641
S1,0.06334629046894379
S10,0.0389910083849609
S11,0.05077586284389879
S12,0.12724987327765813
S13,0.05026637949891014
S14,0.06847274435654398
S15,0.057490011540485955
S16,0.0932436168298074
S17,0.05868165642989876
S18,0.07197020781944533
S19,0.07276256103666937
S2,0.07612714472960572
S20,0.113070862076616
S21,0.07043331968877631
S22,0.08944131208616933
S23,0.10043360864973577
S24,0.07544449602031048
S25,0.1071759415205274
S26,0.06013604912903914
S27,0.08007145816796757
S28,0.11729296869114261
S29,0.06148586018126582
S3,0.13147222551539037
S30,0.05615787005211706
S31,0.08677781947820516
S32,0.051140732566525994
S33,0.037460710597372
S34,0.12179945184758363
S35,0.08135591392677541
S36,0.08150858540999815
S37,0.05430348569462996
S38,0.10321208312808414
S39,0.032752557575966526
S4,0.07899672593324927
S40,0.06155663916191317
S41,0.11070434503545248
S42,0.1385212599577984
S43,0.10800248056005732
S44,0.07430716997799505
S45,0.0840158071805018
S46,0.08757023197962165
S47,0.04920155413688116
S48,0.09552105321055698
S49,0.1495379464051701
S5,0.06013962510818941
S50,0.11721877196742551
S6,0.06001735079723311
S7,0.073052812872175
S8,0.1039186848330317
S9,0.10021634620147542
T1,0.1075567623825413
T10,0.0912731833287315
T11,0.034361242039044886
T12,0.038583800408863084
T13,0.10440689406531
T14,0.07807767331628034
T15,0.08396091165959854
T16,0.05375898052219857
T17,0.09566952519438456
T18,0.04802884485567472
T19,0.11166683360947587
T2,0.0668331385363055
T20,0.11967616642589905
T21,0.10223003272079523
T22,0.11558818170121647
T23,0.04597633416559725
T24,0.09706084400790063
T25,0.10262866426965679
T26,0.0841368148996327
T27,0.04775299432537753
T28,0.053383291238576956
T29,0.016936508818486826
T3,0.04898434434033717
T30,0.09959134441818297
T31,0.13862113161292763
T32,0.11866858171469107
T33,0.09526357248748688
T34,0.01891528806121256
T35,0.10656321337410891
T36,0.08947601470660094
T37,0.06852192972740073
T38,0.11518099364239737
T39,0.03217070215292849
T4,0.07086357509448314
T40,0.06508823466112934
T41,0.041666719794797885
T42,0.08233487438270702
T43,0.10904521820683068
T44,0.14741423633272888
T45,0.0947798476971699
T46,0.10226446253355471
T47,0.05287277023000693
T48,0.10592664177796612
T49,0.0841466734331381
T5,0.08238591620550156
T50,0.030635624702000073
T6,0.07461102283296381
T7,0.0903225008091373
T8,0.07523480622169015
T9,0.0594898708992813
U1,0.07134093212163094
U10,0.0779140644724942
U11,0.021792054281624926
U12,0.07931740470709078
U13,0.09857679773909495
U14,0.08137471550412016
U15,0.07651479249745229
U16,0.07502484241165884
U17,0.13677854320998742
U18,0.0739208782401729
U19,0.07142291952175094
U2,0.06848037973743185
U20,0.07781694544534724
U21,0.07425681150075143
U22,0.08144548074928158
U23,0.07317994600804961
U24,0.10993964382298396
U25,0.07276624757636688
U26,0.04831436434065629
U27,0.09160026718394708
U28,0.10323564654876885
U29,0.05096872997250075
U3,0.10669278178126707
U30,0.08221857035119043
U31,0.11678644514704002
U32,0.1167696002201036
U33,0.03261671228128037
U34,0.10009918382921823
U35,0.04233500105785927
U36,0.042673819539541684
U37,0.12342459912063532
U38,0.05909653663284036
U39,0.054704364170871544
U4,0.06040750224054718
U40,0.11022196199811919
U41,0.05496359313073082
U42,0.06605453425111071
U43,0.08651205388182587
U44,0.05700437650920786
U45,0.058505230386751365
U46,0.08432278541189758
U47,0.048772637932527514
U48,0.049512102323844516
U49,0.04180564959571996
U5,0.09142707098911364
U50,0.09367652104767966
U6,0.08370473623019206
U7,0.10946525146850397
U8,0.06526824275584286
U9,0.08591603616394163
V1,0.06670015521287395
V10,0.08954003857224803
V11,0.10621634101186112
V12,0.1563357643376834
V13,0.07524660402571651
V14,0.08687908020417048
V15,0.06408425318359946
V16,0.09075878927171596
V17,0.0409737811798507
V18,0.09008441340881139
V19,0.03310663482074021
V2,0.05579416093945053
V20,0.04788766234388415
V21,0.11102680769085266
V22,0.05320326001064805
V23,0.08846742563940349
V24,0.08107225902896244
V25,0.06130768057441333
V26,0.08847718410728553
V27,0.07315517062123054
V28,0.07011663757469444
V29,0.02954441164320481
V3,0.03538012919035235
V30,0.05887521651043173
V31,0.05259190564169892
V32,0.05147467391206118
V33,0.08630788502112904
V34,0.06712514564660987
V35,0.13846952059152204
V36,0.07338680595853261
V37,0.094826423431203
V38,0.06813045902526993
V39,0.0832434521725652
V4,0.10902344922619736
V40,0.05892087216587811
V41,0.05177975903946496
V42,0.06337168354954222
V43,0.07865947703004574
V44,0.10986516572931287
V45,0.07267437668278383
V46,0.055416551420760664
V47,0.05089373807166769
V48,0.07264155797982627
V49,0.07017338187469926
V5,0.07132190693102756
V50,0.08602305112748519
V6,0.05611925563101535
V7,0.05752606719063315
V8,0.12448531471720997
V9,0.02942604316105592
W1,0.07301480741123333
W10,0.04915639382329848
W11,0.014068978536950393
W12,0.102591527388103
W13,0.12236755913974923
W14,0.08200275174484288
W15,0.038072786495721926
W16,0.055734565055597034
W17,0.10550759119764169
W18,0.08946013885950169
W19,0.07273105816964887
W2,0.10757390466901781
W20,0.10667428692072368
W21,0.13759278785424264
W22,0.1625921675524051
W23,0.06906830579911613
W24,0.14743819970865896
W25,0.0830060697238233
W26,0.11370532869586979
W27,0.09432033649095965
W28,0.054341273243768626
W29,0.04735386618816585
W3,0.10114504932782648
W30,0.09393801132144658
W31,0.05822810656434514
W32,0.10640014775485612
W33,0.09273925748933516
W34,0.07742144832440966
W35,0.12099252836938934
W36,0.1715773656479122
W37,0.055429872982028255
W38,0.051964010536775095
W39,0.06942151249470029
W4,0.08776771786992338
W40,0.08148748521490212
W41,0.07307274472317529
W42,0.1300478211957671
W43,0.06298314758416158
W44,0.0960399752667943
W45,0.07427571321761782
W46,0.05329670189610377
W47,0.053316569747775516
W48,0.03260982587516603
W49,0.06076350529765325
W5,0.10098155975105613
W50,0.0790238985340095
W6,0.08102273307702286
W7,0.0572472477584693
W8,0.15421439403159626
W9,0.05707209605576426
X1,0.07115072010793447
X10,0.1139059301120684
X11,0.10825467889763078
X12,0.08128579377297296
X13,0.08865000833604485
X14,0.05522282196545225
X15,0.052296824688494455
X16,0.10580588977893972
X17,0.07360729978708028
X18,0.06697904105913136
X19,0.008550239296902691
X2,0.06180264161691208
X20,0.05309535871713874
X21,0.11182087888476923
X22,0.10014068951410844
X23,0.10912402725205096
X24,0.10028313490516788
X25,0.11378561497485827
X26,0.08840905240305943
X27,0.08733084775749073
X28,0.09246570161404531
X29,0.04379482869277545
X3,0.06685371895723968
X30,0.09505219750515957
X31,0.04511257433363211
X32,0.13580958733282864
X33,0.08733352510519844
X34,0.10415215739300675
X35,0.060851123840971924
X36,0.06702385290923342
X37,0.048454664143837096
X38,0.05318125719106744
X39,0.06129987265252053
X4,0.0630691668161722
X40,0.07394463092821792
X41,0.13048926351367368
X42,0.05430534320195514
X43,0.050169826206347794
X44,0.1278470823159266
X45,0.0847426731732829
X46,0.08481054718145198
X47,0.07566232133515355
X48,0.02111560617581023
X49,0.09632073563515692
X5,0.08513399878526275
X50,0.04487283519157441
X6,0.07479984408948223
X7,0.038924573919584135
X8,0.09103528786561443
X9,0.05551644648757147
Y1,0.06407633592228573
Y10,0.07672758495755329
Y11,0.06768227552063073
Y12,0.07828445385840457
Y13,0.08624415842092138
Y14,0.07782641346025586
Y15,0.0861813826385332
Y16,0.06836997841031131
Y17,0.07382534801685328
Y18,0.07729583954368954
Y19,0.12038391733509193
Y2,0.09091486837890353
Y20,0.05726834056883648
Y21,0.049492355814392146
Y22,0.13150923900113484
Y23,0.09431384363884214
Y24,0.07896180059100183
Y25,0.053233954442235935
Y26,0.06384398396582104
Y27,0.12431131349824384
Y28,0.07620122180838239
Y29,0.08838903067523322
Y3,0.07706361578702946
Y30,0.03301374172756359
Y31,0.12076484869798516
Y32,0.08100877141015793
Y33,0.0959809518831037
Y34,0.09284776187574997
Y35,0.10970927800772176
Y36,0.06570659639742549
Y37,0.07725541815683966
Y38,0.12165740450751102
Y39,0.05092155173363944
Y4,0.10210497666421404
Y40,0.09496575189210167
Y41,0.08967607418388351
Y42,0.09237097873724728
Y43,0.05695910412407247
Y44,0.11820188956336122
Y45,0.09383704928901979
Y46,0.06058412681292967
Y47,0.11661072519355987
Y48,0.09357110277591991
Y49,0.08815206843173413
Y5,0.09701502092453541
Y50,0.10803382983972756
Y6,0.04398013779881011
Y7,0.06086980218156663
Y8,0.0783344030267089
Y9,0.08533153347449972
